{"test_loss": 1.5017421083016829, "test_acc": 0.8236742424242425}